Workbook

Sheet Data
A1: Day | B1: Company_A | C1: Company_B
A2: 1 | B2: 45 | C2: 52
A3: 2 | B3: 47 | C3: 54
A4: 3 | B4: 48 | C4: 55
A5: 4 | B5: 50 | C5: 57
A6: 5 | B6: 52 | C6: 59
A7: 6 | B7: 53 | C7: 60
A8: 7 | B8: 55 | C8: 61
A9: 8 | B9: 56 | C9: 62
A10: 9 | B10: 58 | C10: 64
A11: 10 | B11: 60 | C11: 66
A12: 11 | B12: 62 | C12: 67
A13: 12 | B13: 64 | C13: 69
... A21: 20 | B21: 77 | C21: 83

Sheet Theory
A1: Correlation vs Covariance
A3: Correlation | D3: Covariance
A14: Null and Alternative Hypothesis
A16: Null Hypothesis | D16: Alternative Hypothesis
A30: P- value and Significance level
A32: P-value | D32: Significance level (α )

Sheet Calculations
A1: Statistic | B1: Formula
A2: Mean_Company_A | B2: =AVERAGE(Data!B2:B21) -> 61
A3: Mean_Company_B | B3: =AVERAGE(Data!C2:C21) -> 67.15
A4: Covariance_A_B (Population) | B4: =_xlfn.COVARIANCE.P(Data!B2:B21,Data!C2:C21) -> 92.65
A5: StdDev_A (Population) | B5: =_xlfn.STDEV.P(Data!B2:B21) -> 9.8386991
A6: StdDev_B (Population) | B6: =_xlfn.STDEV.P(Data!C2:C21) -> 9.4301379
A7: Pearson_Correlation (r) | B7: =CORREL(Data!B2:B21,Data!C2:C21) -> 0.99859573
A9: Interpretation
A11: Covariance = 92.65 → strong positive movement together
A13: Correlation = 0.99 → almost perfect positive linear relationship
A15: When A increases, B also increases consistently

Sheet Z_Test
A1: Group1_Scores | B1: Group2_Scores | D1: Population_SD (assumed)
A2: 85 | B2: 78 | D2: 5
A3: 88 | B3: 80
A4: 92 | B4: 75
A5: 87 | B5: 82
A6: 90 | B6: 76
A8: Mean_Group1 | B8: =AVERAGE(A2:A6) -> 88.4
A9: Mean_Group2 | B9: =AVERAGE(B2:B6) -> 78.2
A10: n1 | B10: =COUNT(A2:A6) -> 5
A11: n2 | B11: =COUNT(B2:B6) -> 5
A12: SE | B12: =SQRT(($D$2^2)/B10 + ($D$2^2)/B11) -> 3.1622777
A13: Z_score | B13: =(B8-B9)/B12 -> 3.2255232
A14: Two-tailed_p-value | B14: =2*(1-_xlfn.NORM.S.DIST(ABS(B13),TRUE)) -> 0.0012574264
A15: Alpha | B15: 0.05
A16: Reject_H0? (p < alpha) | B16: =IF(B14<B15,"Yes","No") -> Yes

Sheet Chi_Square
A1: Gender / Flavor | B1: Chocolate | C1: Vanilla | D1: Strawberry | E1: Row Total
A2: Male | B2: 20 | C2: 15 | D2: 10 | E2: =SUM(B2:D2) -> 45
A3: Female | B3: 25 | C3: 20 | D3: 30 | E3: =SUM(B3:D3) -> 75
A4: Col Total | B4: =SUM(B2:B3) -> 45 | C4: =SUM(C2:C3) -> 35 | D4: =SUM(D2:D3) -> 40 | E4: =SUM(E2:E3) -> 120
A5: Grand Total | B5: =E4 -> 120
A7: Expected | E7: Chi_Square_Sum | F7: =SUM(B12:B17) -> 4.021164
A8: =($E2*$B$4)/$B$5 -> 16.875 | B8: =($E2*$C$4)/$B$5 -> 13.125 | C8: =($E2*$D$4)/$B$5 -> 15 | E8: df | F8: =(2-1)*(3-1) -> 2
A9: =($E3*$B$4)/$B$5 -> 28.125 | B9: =($E3*$C$4)/$B$5 -> 21.875 | C9: =($E3*$D$4)/$B$5 -> 25 | E9: Alpha | F9: 0.05
E10: Chi_Critical (alpha=0.05) | F10: =_xlfn.CHISQ.INV.RT(F9,F8) -> 5.9914645
B11: Chi_Component | E11: Reject_H0? | F11: =IF(F7>F10,"Yes","No") -> No
A12: Comp_Male_Choc | B12: =(B2-A8)^2/A8 -> 0.5787037
A13: Comp_Male_Van | B13: =(C2-B8)^2/B8 -> 0.26785714
A14: Comp_Male_Str | B14: =(D2-C8)^2/C8 -> 1.6666667
A15: Comp_Fem_Choc | B15: =(B3-A9)^2/A9 -> 0.34722222
A16: Comp_Fem_Van | B16: =(C3-B9)^2/B9 -> 0.16071429
A17: Comp_Fem_Str | B17: =(D3-C9)^2/C9 -> 1
